један,"a, an",а
напустити,abandon,покидать
способност,ability,способность
способан,able,способный
О томе,about,о
изнад,above,выше
иностранство,abroad,за границей
апсолутан,absolute,абсолютный
апсолутно,absolutely,абсолютно
академски,academic,академический
прихватити,accept,принимать
прихватљив,acceptable,приемлемый
приступ,access,доступ
незгода,accident,несчастный случай
смештај,accommodation,размещение
пратити,accompany,сопровождать
према,according to,в соответствии с
рачун,account,счет
тачан,accurate,точный
оптужити,accuse,обвинять
постићи,achieve,достигать
достигнуће,achievement,достижение
признати,acknowledge,сознавать
стећи,acquire,приобретать
широм,across,через
деловати,act,действовать
поступак,action,действие
активан,active,активный
активност,activity,активность
глумац,actor,актер
глумица,actress,актриса
актуелан,actual,действительный
заправо,actually,на самом деле
реклама,ad,объявление
прилагодити,adapt,адаптировать
додати,add,добавлять
додатак,addition,добавление
додатни,additional,дополнительный
адреса,address,адрес
администрација,administration,администрация
дивити се,admire,восхищаться
пустити,admit,признавать
усвојити,adopt,усыновить
одрасла особа,adult,взрослый
unapred,Advance,Продвигать
напредан,Advanced,Передовой
предност,Advantage,Преимущество
авантура,Adventure,Приключение
рекламирати,Advertise,Рекламировать
Реклама,Advertisement,Реклама
оглашавање,Advertising,Реклама
савет,Advice,Совет
афера,affair,роман
утицати,affect,оказывать воздействие
приуштити,afford,предоставлять
уплашен,afraid,испуганный
после,after,после
поподневни,afternoon,полдень
после,afterwards,после
опет,again,снова
против,against,против
старост,age,возраст
старости,aged,пожилой
агенција,agency,агентство
дневни ред,agenda,повестка дня
заступник,agent,агент
агресиван,aggressive,агрессивный
пре,ago,назад
договорити се,agree,соглашаться
договор,agreement,соглашение
Ах,ah,ах
напред,ahead,предстоящий
помоћ,aid,помогать
циљ,aim,цель
ваздух,air,воздух
авион,aircraft,самолет
ваздушна линија,airline,авиакомпания
аеродром,airport,аэропорт
алармни,alarm,тревога
албум,album,альбом
алкохол,alcohol,алкоголь
алкохоличар,alcoholic,алкоголик
жив,alive,живой
све,all,все
У реду,all right,все в порядке
допустити,allow,позволять
скоро,almost,почти
сам,alone,один
дуж,along,вдоль
већ,already,уже
такође,also,также
Алтер,alter,альтернативный
алтернатива,alternative,альтернатива
иако,although,хотя
увек,always,всегда
задивљен,amazed,поражен
Невероватно,amazing,удивительный
амбиција,ambition,амбиция
амбициозан,ambitious,амбициозный
међу,among,среди
износ,amount,количество
анализирати,analyse,анализировать
анализа,analysis,анализ
древни,ancient,древний
и,and,и
љутња,anger,злость
угао,angle,угол
љут,angry,злой
животиња,animal,животное
чланак,ankle,лодыжка
годишњица,anniversary,годовщина
најавити,announce,объявить
објава,announcement,объявление
аннои,annoy,раздражать
изнервиран,annoyed,раздраженный
досадан,annoying,раздражающий
годишњи,annual,ежегодный
други,another,другой
одговор,answer,отвечать
забринут,anxious,тревожный
било који,any,любой
ико,anybody,любой
више,any more,больше
било ко,anyone,любой
било шта,anything,что-либо
У сваком случају,anyway,в любом случае
било где,anywhere,в любом месте
одвојено,apart,отдельно
стан,apartment,квартира
извинити се,apologize,извиняться
апликација,app,приложение
очигледан,apparent,очевидный
очигледно,apparently,видимо
жалба,appeal,обращаться
појавити,appear,появляться
изглед,appearance,появление
јабука,apple,яблоко
апликација,application,приложение
применити,apply,применять
именовање,appointment,встреча
ценити,appreciate,ценить
приступ,approach,подход
прикладан,appropriate,соответствующий
одобрење,approval,одобрение
одобрити,approve,утвердить
од прилике,approximately,примерно
Април,April,апрель
архитекта,architect,архитектор
архитектура,architecture,архитектура
област,area,область
расправљати,argue,спорить
расправа,argument,аргумент
устати,arise,возникнуть
арм,arm,рука
наоружан,armed,вооруженный
оружје,arms,оружие
војска,army,армия
око,around,вокруг
уредити,arrange,договариваться
аранжман,arrangement,договоренность
ухапсити,arrest,арест
долазак,arrival,прибытие
стићи,arrive,приезжать
уметност,art,искусство
чланак,article,статья
вештачки,artificial,искусственный
уметник,artist,художник
уметнички,artistic,художественный
као што,as,как
посрамљен,ashamed,стыдящийся
заспао,asleep,спящий
питати,ask,просить
аспект,aspect,аспект
Проценити,assess,оценивать
процена,assessment,оценка
додељивање,assignment,назначение
помоћи,assist,помощь
асистент,assistant,помощник
стручни сарадник,associate,ассоциирован
удружен,associated,Асвязанный
удружење,association,ассоциация
претпоставити,assume,предполагать
у,at,в
Атлета,athlete,спортсмен
атмосфера,atmosphere,атмосфера
причврстити,attach,прикреплять
напад,attack,атака
покушај,attempt,пытаться
похађа,attend,посещать
Пажња,attention,внимание
став,attitude,отношение
привући,attract,привлекать
атракција,attraction,Привлечение
атрактиван,attractive,привлекательный
публика,audience,аудитория
август,August,Август
тетка,aunt,тетя
аутор,author,автор
Управа,authority,власть
јесен,autumn,осень
на располагању,available,доступный
просек,average,средний
избегавајте,avoid,избегать
награда,award,премия
свестан,aware,осведомленный
далеко,away,прочь
грозан,awful,ужасный
беба,baby,малыш
назад,back,назад
позадина,background,фон
уназад,backwards,назад
бактерије,bacteria,бактерии
лоше,bad,плохой
лоше,badly,плохо
кеса,bag,сумка
пећи,bake,выпекать
равнотежа,balance,баланс
лопта,ball,мяч
забрана,ban,запрет
банана,banana,банан
трака,band,группа
Банка (новац),bank (money),Банк (деньги)
банка (река),bank (river),Банк (река)
Бар,bar,бар
баријера,barrier,барьер
база,base,база
бејзбол,baseball,бейсбол
заснован,based,основанный на
Кошарка,basketball,баскетбол
основни,basic,базовый
у основи,basically,по сути
основа,basis,основа
купатило,bath,ванна
купатило,bathroom,ванная комната
батерија,battery,батарея
битка,battle,боевой
бити,be,быть
плажа,beach,пляж
пасуљ,bean,фасоль
медвед (баве),bear (deal with),Медведь (дело)
беар (анимал),bear (animal),медведь (животное)
победити,beat,бить
Лепа,beautiful,красивый
лепотица,beauty,красота
јер,because,потому что
постати,become,становиться
кревет,bed,кровать
спаваћа соба,bedroom,Спальня
пчела,bee,пчела
говедина,beef,говядина
пиво,beer,пиво
пре него што,before,до
молити,beg,очень прошу
почети,begin,начинать
početak,beginning,начало
понашати се,behave,вести себя
понашање,behaviour,поведение
иза,behind,позади
биће,being,существование
веровање,belief,вера
веровати,believe,полагать
звоно,bell,колокол
припадати,belong,принадлежать
испод,below,ниже
појас,belt,пояс
кривина,bend,сгибать
корист,benefit,выгода
савијен,bent,наклонный
најбоље,best,лучший
опклада,bet,делать ставку
боље,better,лучше
између,between,между
изван,beyond,вне
бицикл,bicycle,велосипед
велики,big,большой
бицикл,bike,велосипед
рачун,bill,счет
милијарде број,billion number,миллиард номера
bin,bin,бин
биологија,biology,биология
птица,bird,птица
рођење,birth,рождение
рођендан,birthday,день рождения
бисквит,biscuit,бисквит
мало,bit,кусочек
угристи,bite,кусать
горак,bitter,горький
црн,black,черный
кривица,blame,обвинять
празан,blank,пустой
слеп,blind,слепой
блокирати,block,блокировать
блог,blog,блог
плавуша,blonde,блондинка
крв,blood,кровь
ударац,blow,дуть
Плави,blue,синий
"одбор, табла",board,доска
брод,boat,лодка
тело,body,тело
чир,boil,кипятить
бомба,bomb,бомбить
обвезница,bond,связь
кост,bone,кость
књига,book,книга
чизма,boot,ботинок
граница,border,граница
досадно,bored,скучающий
досадан,boring,скучный
борн,born,рожденный
позајми,borrow,занимать
газда,boss,босс
обоје,both,оба
сметати,bother,беспокоить
боца,bottle,бутылка
дно,bottom,нижний
чинија,bowl,чаша
кутија,box,коробка
дечак,boy,мальчик
дечко,boyfriend,дружок
мозак,brain,мозг
грана,branch,ветвь
Марка,brand,бренд
храбар,brave,храбрый
хлеб,bread,хлеб
пауза,break,перерыв
доручак,breakfast,завтрак
груди,breast,грудь
дах,breath,дыхание
дисати,breathe,дышать
дисање,breathing,дыхание
Невеста,bride,невеста
мост,bridge,мост
кратак,brief,краткий
светао,bright,яркий
сјајан,brilliant,блестящий
довести,bring,приносить
широк,broad,широкий
емитовање,broadcast,транслировать
брокен,broken,сломанный
брат,brother,брат
браон,brown,коричневый
четка,brush,щетка
мехур,bubble,пузырь
буџет,budget,бюджет
Буилд,build,строить
зграда,building,здание
метак,bullet,пуля
група,bunch,связка
горети,burn,гореть
закопати,bury,хоронить
аутобус,bus,автобус
грм,bush,куст
посао,business,бизнес
бизнисмен,businessman,бизнесмен
Заузет,busy,занятый
али,but,но
путер,butter,масло
дугме,button,кнопка
купити,buy,купить
од стране,by,к
здраво,bye,пока
кабл,cable,кабель
кафе,cafe,кафе
торта,cake,торт
Ð¿Н,calculate,рассчитать
позив,call,вызов
миран,calm,спокойствие
Камера,camera,камера
камп,camp,лагерь
кампања,campaign,кампания
камповање,camping,Отдых на природе
студентски град,campus,кампус
цан1,can1,Can1
ЦАН2,can2,Can2
"поништити, отказати",cancel,отмена
рак,cancer,рак
кандидат,candidate,кандидат
не може,cannot,не могу
капа,cap,кепка
способан,capable,способный
капацитет,capacity,емкость
главни град,capital,капитал
капетан,captain,капитан
хватање,capture,захватывать
ауто,car,машина
картица,card,карта
нега,care,Забота
каријера,career,карьера
пажљив,careful,осторожный
пажљиво,carefully,осторожно
немаран,careless,беспечный
тепих,carpet,ковер
шаргарепа,carrot,морковь
ношење,carry,нести
цртани филм,cartoon,мультфильм
случај,case,случай
готовина,cash,наличные
Цаст,cast,бросать
замак,castle,замок
мачка,cat,кот
улов,catch,ловить
категорија,category,категория
узрок,cause,причина
ЦД,CD,CD
плафон,ceiling,потолок
прославити,celebrate,праздновать
славље,celebration,праздник
позната личност,celebrity,знаменитость
ћелија,cell,клетка
цент,cent,цент
централни,central,центральный
центар,centre,центр
век,century,век
церемонија,ceremony,церемония
известан,certain,определенный
сигурно,certainly,конечно
ланац,chain,цепь
столица,chair,стул
председник,chairman,председатель
изазов,challenge,испытание
шампион,champion,чемпион
шанса,chance,шанс
промена,change,изменять
канал,channel,канал
поглавље,chapter,глава
карактер,character,характер
карактеристика,characteristic,характеристика
напунити,charge,заряжать
милосрђе,charity,благотворительность
графикон,chart,диаграмма
Ћаскање,chat,чат
јефтин,cheap,дешевый
варати,cheat,изменять
проверавати,check,проверять
Главни кувар,chef,шеф -повар
весео,cheerful,жизнерадостный
сир,cheese,сыр
хемијски,chemical,химический
хемија,chemistry,химия
груди,chest,грудь
пилетина,chicken,курица
Шеф,chief,главный
дете,child,ребенок
детињство,childhood,детство
чип,chip,чип
чоколада,chocolate,шоколад
избор,choice,выбор
изабрати,choose,выбирать
црква,church,церковь
цигарета,cigarette,сигарета
биоскоп,cinema,кино
круг,circle,круг
околност,circumstance,обстоятельство
навести,cite,цитировать
грађанин,citizen,гражданин
град,city,город
грађански,civil,гражданский
потраживање,claim,требовать
класа,class,сорт
класик,classic,Классик
класичан,classical,классический
учионица,classroom,класс
клаузула,clause,пункт
чист,clean,чистый
јасно,clear,прозрачный
јасно,clearly,четко
паметан,clever,умный
клик,click,нажимать
клијент,client,клиент
клима,climate,климат
попети се,climb,взбираться
сат,clock,Часы
цлосе1,close1,закрыть1
цлосе2,close2,закрыть2
затворен,closed,закрыто
уско,closely,близко
тканина,cloth,ткани
Одећа,clothes,одежда
одећа,clothing,одежда
облак,cloud,облако
клуб,club,клуб
индиција,clue,зацепка
тренер,coach,тренер
угаљ,coal,уголь
обала,coast,побережье
капут,coat,пальто
код,code,код
кафа,coffee,кофе
новчић,coin,монета
хладан,cold,холодный
колапс,collapse,крах
колега,colleague,коллега
Цоллецт,collect,собирать
колекција,collection,коллекция
колеџ,college,колледж
боја,colour,цвет
обојен,coloured,цветной
колона,column,столбец
комбинација,combination,комбинация
комбиновати,combine,комбинировать
доћи,come,приходить
комедија,comedy,комедия
удобност,comfort,комфорт
удобан,comfortable,комфортный
команда,command,командование
коментар,comment,комментарий
трговачки,commercial,коммерческий
комисија,commission,комиссия
урадити,commit,совершить
приврженост,commitment,обязательство
одбор,committee,комитет
заједнички,common,общий
обично,commonly,обычно
комуницирати,communicate,общаться
комуникација,communication,коммуникация
заједница,community,сообщество
компанија,company,компания
упоредити,compare,сравнивать
поређење,comparison,сравнение
такмичити се,compete,конкурировать
конкуренција,competition,соревнование
конкурент,competitor,конкурент
конкурентан,competitive,конкурентоспособный
жале,complain,жаловаться
жалба,complaint,жалоба
комплетан,complete,полный
у потпуности,completely,полностью
комплекс,complex,сложный
компликован,complicated,сложный
саставни део,component,компонент
рачунар,computer,компьютер
концентрат,concentrate,концентрироваться
концентрација,concentration,концентрация
концепт,concept,концепция
брига,concern,беспокойство
у питању,concerned,обеспокоенный
концерт,concert,концерт
закључити,conclude,заключить
закључак,conclusion,заключение
стање,condition,состояние
спровести,conduct,руководить
конференција,conference,конференция
самопоуздање,confidence,уверенность
самоуверен,confident,уверенный
Потврди,confirm,подтверждать
конфликт,conflict,конфликт
Цонфусе,confuse,запутать
цонфусед,confused,смущенный
збуњујући,confusing,сбивает с толку
Цоннецт,connect,соединять
повезан,connected,связанный
веза,connection,связь
свестан,conscious,сознательный
последица,consequence,последствие
конзервативан,conservative,консервативный
размотрити,consider,учитывать
разматрање,consideration,рассмотрение
састојати се,consist,состоять
доследан,consistent,последовательный
константа,constant,постоянный
стално,constantly,постоянно
цонструцт,construct,конструкция
конструкција,construction,строительство
потрошити,consume,потреблять
потрошач,consumer,потребитель
контакт,contact,контакт
садржати,contain,содержать
контејнер,container,контейнер
савремен,contemporary,современный
садржина,content,содержание
такмичење,contest,конкурс
контекст,context,контекст
континент,continent,континент
Настави,continue,продолжать
непрекидан,continuous,непрерывный
уговор,contract,договор
контраст,contrast,контраст
допринети,contribute,способствовать
допринос,contribution,вклад
контрола,control,контроль
погодан,convenient,удобный
разговор,conversation,беседа
претворити,convert,конвертировать
убедити,convince,убеждать
убедила,convinced,убежденный
кувар,cook,готовить
шпорет,cooker,плита
кување,cooking,Готовка
хладан,cool,прохладный
копија,copy,копия
језгро,core,основной
угао,corner,угол
корпоративни,corporate,корпоративный
исправан,correct,правильный
исправно,correctly,правильно
трошак,cost,расходы
костим,costume,костюм
Колиба,cottage,коттедж
памук,cotton,хлопок
могао,could,мог
савет,council,Совет
рачунати,count,считать
земља,country,страна
село,countryside,сельская местность
округ,county,округ
пар,couple,пара
храброст,courage,храбрость
курс,course,курс
суд,court,суд
рођак,cousin,двоюродный брат
поклопац,cover,крышка
"покривен, затрпан",covered,покрытый
крава,cow,корова
судар,crash,крушение
луд,crazy,сумасшедший
крем,cream,крем
Креирај,create,создавать
стварање,creation,создание
креативан,creative,творческий
створење,creature,существо
кредит,credit,кредит
посада,crew,экипаж
злочин,crime,преступление
криминалац,criminal,преступник
криза,crisis,кризис
критеријум,criterion,критерий
критичар,critic,критик
критичан,critical,критический
критика,criticism,критика
критиковати,criticize,критиковать
усев,crop,обрезать
крст,cross,крест
гомила,crowd,толпа
гужва,crowded,переполненный
пресудан,crucial,ключевой
окрутан,cruel,жестокий
плач,cry,плакать
културни,cultural,культурный
култура,culture,культура
шоља,cup,чашка
креденац,cupboard,буфет
лек,cure,излечивать
коврџава,curly,кудрявый
валута,currency,валюта
Тренутни,current,текущий
тренутно,currently,в настоящее время
завеса,curtain,занавес
крива,curve,изгиб
закривљен,curved,изогнутый
обичај,custom,обычай
купац,customer,клиент
рез,cut,резать
циклус,cycle,цикл
тата,dad,папа
дневно,daily,ежедневно
штета,damage,повреждать
данце,dance,танец
плесач,dancer,танцовщица
играње,dancing,танцы
опасност,danger,Опасность
опасан,dangerous,опасный
мрак,dark,темный
подаци,data,данные
датум,date,дата
ћерка,daughter,дочь
дан,day,день
мртав,dead,мертвый
договор,deal,иметь дело
драг,dear,дорогой
смрт,death,смерть
дебата,debate,дебаты
дуг,debt,долг
декада,decade,десятилетие
децембар,December,Декабрь
пристојан,decent,приличный
одлучити,decide,решать
одлука,decision,решение
Децларе,declare,объявить
одбити,decline,отклонить
украсити,decorate,украсить
декорација,decoration,украшение
smanjenje,decrease,снижаться
дубоко,deep,глубокий
дубоко,deeply,глубоко
пораз,defeat,поражение
одбрана,defence,защита
бранити,defend,защищать
дефинисати,define,определять
одређен,definite,определенный
дефинитивно,definitely,определенно
дефиниција,definition,определение
степен,degree,степень
кашњење,delay,задерживать
намјерно,deliberate,преднамеренный
намерно,deliberately,умышленно
укусан,delicious,вкусный
уживање,delight,восторг
одушевљен,delighted,получивший удовольствие
доставити,deliver,доставлять
испорука,delivery,доставка
потражња,demand,требовать
демонстрирати,demonstrate,продемонстрировать
стоматолог,dentist,Дантист
негирати,deny,отрицать
одељење,department,отделение
одлазак,departure,отправление
зависити,depend,зависеть
депресиван,depressed,подавлен
депресивно,depressing,удручающий
дубина,depth,глубина
описати,describe,описывать
Опис,description,описание
пустиња,desert,пустыня
заслужити,deserve,заслуживать
дизајн,design,дизайн
дизајнер,designer,дизайнер
жеља,desire,желание
радни сто,desk,рабочий стол
очајан,desperate,отчаянный
упркос,despite,несмотря на
дестинација,destination,место назначения
уништити,destroy,разрушать
детаљ,detail,деталь
детаилед,detailed,подробный
открити,detect,обнаруживать
детектив,detective,детектив
одредити,determine,определять
одлучан,determined,определенный
развити,develop,развивать
развој,development,разработка
уређај,device,устройство
дијаграм,diagram,диаграмма
дијалог,dialogue,диалог
дијамант,diamond,бриллиант
дневник,diary,дневник
речник,dictionary,словарь
умрети,die,умереть
исхрана,diet,диета
разлика,difference,разница
различит,different,другой
различито,differently,иначе
тежак,difficult,трудный
проблем,difficulty,сложность
копати,dig,копать
дигитални,digital,цифровой
вечера,dinner,ужин
директан,direct,прямой
правац,direction,направление
директно,directly,напрямую
директор,director,директор
прљавштина,dirt,грязь
прљав,dirty,грязный
дис Адвербантаге,Dis Adverbantage,DIS наречие
не слазем се,disagree,не согласен
нестати,disappear,пропадать
разочаран,disappointed,расстроенный
разочара,disappointing,разочаровывает
катастрофа,disaster,катастрофа
диск,disc,диск
дисциплина,discipline,дисциплина
попуст,discount,скидка
Откријте,discover,обнаружить
откриће,discovery,Открытие
дискутовати,discuss,обсуждать
дискусија,discussion,дискуссия
болест,disease,болезнь
јело,dish,блюдо
непоштен,dishonest,Нечестный
не волети,dislike,неприязнь
одбацити,dismiss,увольнять
приказ,display,отображать
раздаљина,distance,расстояние
делити,distribute,распределять
дистрибуција,distribution,распределение
округ,district,округ
подела,divide,разделять
подела,division,разделение
разведен,divorced,в разводе
урадити,do,делать
доктор,doctor,врач
документ,document,документ
документарни филм,documentary,документальный
пас,dog,собака
долар,dollar,доллар
домаћи,domestic,одомашненный
доминирати,dominate,доминировать
поклонити,donate,пожертвовать
врата,door,дверь
двоструко,double,двойной
сумња,doubt,сомневаться
доле,down,вниз
преузимање,download,скачать
доле,downstairs,вниз по лестнице
низбрдо,downwards,вниз
туце,dozen,дюжина
нацрт,draft,черновик
терет,drag,тащить
драма,drama,драма
драматичан,dramatic,драматический
нацртати,draw,рисовать
цртеж,drawing,рисунок
сан,dream,мечтать
хаљина,dress,одеваться
дрессед,dressed,одетый
пиће,drink,напиток
погон,drive,водить машину
возач,driver,Водитель
дривинг,driving,вождение
кап,drop,уронить
лек,drug,лекарство
бубањ,drum,барабан
пијан,drunk,пьяный
СУВ,dry,сухой
због,due,должный
у току,during,в течение
прашина,dust,пыль
дужност,duty,долг
ДВД,DVD,DVD
сваки,each,каждый
уво,ear,ухо
рано,early,рано
зарадити,earn,зарабатывать
земља,earth,земля
земљотрес,earthquake,землетрясение
лако,easily,легко
исток,east,восток
источни,eastern,восточный
лако,easy,легкий
јести,eat,есть
економски,economic,экономический
привреда,economy,экономика
Ивица,edge,край
Уредити,edit,редактировать
издање,edition,версия
уредник,editor,редактор
образовати,educate,обучать
образован,educated,образованный
образовање,education,образование
образовни,educational,образовательный
дејство,effect,эффект
ефикасан,effective,эффективная
ефектно,effectively,эффективно
ефикасан,efficient,эффективный
напор,effort,усилие
јаје,egg,яйцо
осам,eight,восемь
осамнаест,eighteen,восемнадцать
осамдесет,eighty,восемьдесят
или,either,или
старије особе,elderly,пожилые люди
изабрани,elect,избранный
избор,election,выборы
електрични,electric,электрический
елецтрицал,electrical,электрический
електрична енергија,electricity,электричество
електронски,electronic,электронный
елемент,element,элемент
слон,elephant,слон
Једанаест,eleven,одиннадцать
друго,else,еще
другде,elsewhere,в другом месте
e-маил,email,электронная почта
збуњен,embarrassed,смущенный
посрамљујући,embarrassing,смущающий
појављују,emerge,появляться
хитан,emergency,чрезвычайная ситуация
емоција,emotion,эмоция
емотиван,emotional,эмоциональный
истицање,emphasis,акцент
нагласити,emphasize,подчеркивать
запошљавају,employ,применять
запослени,employee,сотрудник
послодавац,employer,работодатель
радни однос,employment,работа
испразните,empty,пустой
омогућити,enable,давать возможность
сусрет,encounter,сталкиваться
охрабрити,encourage,поощрять
крај,end,конец
завршни,ending,конец
непријатељ,enemy,враг
енергија,energy,энергия
ангажовати,engage,привлекать
ангажован,engaged,помолвлен
мотор,engine,двигатель
инжењер,engineer,инженер
инжењеринг,engineering,инженерный
Побољшати,enhance,усиливать
уживати,enjoy,наслаждаться
огроман,enormous,громадный
довољно,enough,достаточно
упит,enquiry,расследование
обезбедити,ensure,гарантировать
унети,enter,входить
забавити,entertain,развлекать
Забава,entertainment,развлечение
ентузијазам,enthusiasm,энтузиазм
одушевљен,enthusiastic,энтузиазм
цео,entire,весь
потпуно,entirely,полностью
улаз,entrance,вход
улазак,entry,вход
Животна средина,environment,среда
еколошки,environmental,относящийся к окружающей среде
епизода,episode,эпизод
једнак,equal,равный
једнако,equally,в равной степени
опрема,equipment,оборудование
грешка,error,ошибка
есцапе,escape,побег
посебно,especially,особенно
есеј,essay,сочинение
суштински,essential,существенный
успоставити,establish,учреждать
имање,estate,имущество
процена,estimate,оценивать
етички,ethical,этичный
евро,euro,евро
"проценити, оценити",evaluate,оценивать
Чак,even,даже
вече,evening,вечер
догађај,event,событие
коначно,eventually,в конце концов
икад,ever,всегда
сваки,every,каждый
сви,everybody,все
сваки дан,everyday,каждый день
свако,everyone,каждый
све,everything,все
свуда,everywhere,повсюду
доказ,evidence,доказательство
зло,evil,зло
тачан,exact,точный
баш тако,exactly,точно
испит,exam,экзамен
преглед,examination,экзамен
испитати,examine,исследовать
пример,example,пример
одличан,excellent,отличный
осим,except,кроме
размена,exchange,обмен
узбуђен,excited,взволнованный
узбуђење,excitement,возбуждение
узбудљив,exciting,захватывающий
изговор,excuse,извинение
извршни,executive,исполнительный
вежба,exercise,упражнение
Изложба,exhibition,выставка
Шмита,exist,существовать
постојање,existence,существование
проширити,expand,расширять
очекивати,expect,ожидать
очекивање,expectation,ожидание
очекиван,expected,ожидал
експедиција,expedition,экспедиция
трошак,expense,расход
скупо,expensive,дорогой
искуство,experience,опыт
искусан,experienced,опытный
експеримент,experiment,эксперимент
експерт,expert,эксперт
објаснити,explain,объяснять
објашњење,explanation,объяснение
експлодирати,explode,взорваться
истраживање,exploration,исследование
истражити,explore,исследовать
експлозија,explosion,взрыв
извоз,export,экспорт
изложити,expose,разоблачать
изразити,express,выражать
израз,expression,выражение
проширити,extend,продлевать
обим,extent,степень
спољни,external,внешний
екстра,extra,дополнительный
изванредан,extraordinary,необычайно
екстреман,extreme,крайний
екстремно,extremely,очень сильно
око,eye,глаз
лице,face,лицо
постројење,facility,средство
чињеница,fact,факт
фактор,factor,фактор
фабрика,factory,фабрика
Фаил,fail,неудача
неуспех,failure,отказ
фер,fair,справедливый
поштено,fairly,весьма
вера,faith,вера
пасти,fall,падать
ЛАЖ,FALSE,ЛОЖЬ
познат,familiar,привычный
породица,family,семья
познат,famous,известный
лепеза,fan,вентилятор
машта,fancy,изысканный
фантастичан,fantastic,фантастика
далеко,far,далеко
фарма,farm,ферма
пољопривредник,farmer,фермер
Пољопривреда,farming,сельское хозяйство
фасцинантан,fascinating,очаровательный
мода,fashion,мода
модеран,fashionable,модный
брзо,fast,быстрый
причврстити,fasten,закрепить
дебео,fat,толстый
отац,father,отец
грешка,fault,вина
фавоур,favour,услуга
фаворит,favourite,любимый
страх,fear,страх
перо,feather,перо
одлика,feature,особенность
фебруар,February,Февраль
надокнада,fee,платеж
напајање,feed,кормить
повратна информација,feedback,обратная связь
осетити,feel,чувствовать
Осећај,feeling,чувство
колега,fellow,парень
Женско,female,женский
ограда,fence,изгородь
Фестивал,festival,фестиваль
мало,few,немного
фикција,fiction,вымысел
поље,field,поле
петнаест,fifteen,пятнадцать
пети,fifth,пятый
педесет,fifty,пятьдесят
борити се,fight,драться
борба,fighting,боевой
фигура,figure,фигура
фајл,file,файл
пуњење,fill,наполнять
филм,film,фильм
коначни,final,финал
коначно,finally,окончательно
финансије,finance,финансы
финансијски,financial,Финансовый
пронаћи,find,находить
налаз,finding,нахождение
фино,fine,отлично
прст,finger,Палец
завршити,finish,заканчивать
пожар,fire,огонь
фирма,firm,твердый
први,first,первый
Прво,firstly,во-первых
риба,fish,рыба
риболов,fishing,ловит рыбу
Фит,fit,соответствовать
фитнес,fitness,Фитнес
пет,five,пять
фиксни,fix,исправить
фиксна,fixed,зафиксированный
застава,flag,флаг
пламен,flame,пламя
блиц,flash,вспышка
раван,flat,плоский
флексибилан,flexible,гибкий
лет,flight,полет
пловак,float,плавать
поплава,flood,наводнение
под,floor,пол
брашно,flour,мука
проток,flow,поток
цвет,flower,цветок
грип,flu,грипп
летети,fly,летать
летећи,flying,летающий
фокус,focus,фокус
преклопити,fold,складывать
на склапање,folding,складывание
људи,folk,народ
пратити,follow,следовать
следећи,following,следующий
храна,food,еда
нога,foot,ступня
Фудбал,football,футбол
за,for,для
сила,force,сила
страни,foreign,иностранный
шума,forest,лес
заувек,forever,навсегда
заборавити,forget,забывать
опростити,forgive,простить
виљушка,fork,вилка
образац,form,форма
формалан,formal,формальный
бивши,former,бывший
срећом,fortunately,к счастью
богатство,fortune,удача
четрдесет,forty,сорок
напред,forward,вперед
нашао,found,найденный
четири,four,четыре
четрнаест,fourteen,четырнадцать
четврти,fourth,четвертый
Рам,frame,рамка
бесплатно,free,бесплатно
слобода,freedom,свобода
замрзнути,freeze,заморозить
фреквенција,frequency,частота
често,frequently,часто
свеж,fresh,свежий
петак,Friday,Пятница
фрижидер,fridge,холодильник
пријатељ,friend,друг
пријатељски,friendly,дружелюбно
пријатељство,friendship,дружба
уплашити,frighten,напуган
уплашило,frightened,испуганный
застрашујући,frightening,пугающий
жаба,frog,лягушка
од,from,от
предњи,front,передний
смрзнут,frozen,заморожен
воће,fruit,фрукты
пржити,fry,жарить
гориво,fuel,топливо
пун,full,полный
потпуно,fully,в полной мере
забавно,fun,веселье
функција,function,функция
фонд,fund,фонд
основни,fundamental,фундаментальный
финансирање,funding,финансирование
смешан,funny,забавный
крзно,fur,шерсть
намештај,furniture,мебель
даље,further,дальше
у наставку,furthermore,более того
будућност,future,будущее
добит,gain,прирост
галерија,gallery,галерея
игра,game,игра
банда,gang,банда
раскорак,gap,зазор
гаража,garage,гараж
башта,garden,сад
гасни,gas,газ
капија,gate,ворота
скупити,gather,собирать
Генерал,general,общий
обично,generally,в целом
Генериши,generate,генерировать
генерација,generation,поколение
великодушан,generous,щедрый
жанр,genre,жанр
нежан,gentle,нежный
господин,gentleman,джентльмен
географија,geography,География
добити,get,получать
дух,ghost,призрак
џин,giant,гигант
поклон,gift,подарок
девојка,girl,девочка
девојка,girlfriend,Подруга
дати,give,давать
drago,glad,радостный
стакло,glass,стекло
глобалан,global,Глобальный
рукавица,glove,перчатка
Го,go,идти
циљ,goal,цель
Бог,God,Бог
злато,gold,золото
голф,golf,гольф
Добро,good,хороший
збогом,goodbye,до свидания
роба,goods,товары
управљати,govern,управляющий
влада,government,правительство
грабити,grab,схватить
разред,grade,оценка
постепено,gradually,постепенно
дипломирани,graduate,выпускник
зрно,grain,зерно
grand,grand,гранд
деда,grandfather,Дед
бака,grandmother,бабушка
деда,grandparent,бабушка
одобрити,grant,грант
трава,grass,трава
захвалан,grateful,благодарный
сјајно,great,большой
зелен,green,зеленый
Поздравите,greet,приветствовать
сив,grey,серый
тло,ground,земля
група,group,группа
расти,grow,расти
раст,growth,рост
гаранција,guarantee,гарантия
стражар,guard,сторожить
Ваљда,guess,предполагать
гост,guest,гость
Водич,guide,гид
крив,guilty,виновный
гитара,guitar,гитара
пиштољ,gun,пистолет
момак,guy,парень
Теретана,gym,спортзал
навика,habit,привычка
коса,hair,волосы
пола,half,половина
сала,hall,зал
рука,hand,рука
ручка,handle,ручка
обесити,hang,вешать
десити се,happen,случаться
сретно,happily,К счастью
срећа,happiness,счастье
срећан,happy,счастливый
тврд,hard,жесткий
једва,hardly,едва ли
штета,harm,вред
штетан,harmful,вредный
шешир,hat,шапка
мржње,hate,ненавидеть
имати,have,иметь
Хаве То модални,have to modal,придется модально
он,he,он
глава,head,голова
главобоља,headache,головная боль
наслов,headline,Заголовок
здравље,health,здоровье
здрав,healthy,здоровый
чути,hear,слышать
слух,hearing,слушание
срце,heart,сердце
топлота,heat,нагревать
грејање,heating,обогрев
небо,heaven,небеса
тешко,heavily,тяжело
тежак,heavy,тяжелый
пета,heel,каблук
висина,height,высота
хеликоптер,helicopter,вертолет
пакао,hell,ад
Здраво,hello,привет
помоћ,help,помощь
користан,helpful,полезный
њеној,her,ее
овде,here,здесь
јунак,hero,герой
њен,hers,ее
она сама,herself,сама
оклевати,hesitate,сомневаться
еј,hey,привет
Здраво,hi,привет
сакрити,hide,скрывать
висок,high,высокий
врхунац,highlight,выделять
високо,highly,высоко
брдо,hill,холм
њега,him,ему
себе,himself,сам
најам,hire,нанимать
његов,his,его
историјски,historic,исторический
историјски,historical,исторический
историја,history,история
погодак,hit,ударять
хоби,hobby,хобби
хокеј,hockey,хоккей
држати,hold,держать
рупа,hole,дыра
одмор,holiday,праздничный день
шупаљ,hollow,пустой
Свети,holy,Святой
кућа,home,дом
домаћи задатак,homework,домашнее задание
поштен,honest,честный
част,honour,честь
надати се,hope,надеяться
ужасан,horrible,ужасный
ужас,horror,ужастик
коњ,horse,лошадь
болница,hospital,больница
домаћин,host,хозяин
врућ,hot,горячий
Хотел,hotel,Гостиница
сат,hour,час
кућа,house,дом
домаћинство,household,семья
кућиште,housing,Корпус
како,how,как
Међутим,however,однако
огроман,huge,огромный
људски,human,человек
шаљив,humorous,юмористический
хумор,humour,юмор
сто,hundred,сто
гладан,hungry,голодный
лов,hunt,охотиться
лов,hunting,охота
ураган,hurricane,ураган
пожурити,hurry,торопиться
боли,hurt,повредить
супруг,husband,муж
ја,I,я
лед,ice,лед
Сладолед,ice cream,мороженое
идеја,idea,идея
идеалан,ideal,идеал
идентификовати,identify,идентифицировать
идентитет,identity,личность
ако,if,если
игнорисати,ignore,игнорировать
болестан,ill,больной
незаконит,illegal,незаконно
болест,illness,болезнь
илустровати,illustrate,иллюстрировать
илустрација,illustration,иллюстрация
слика,image,изображение
имагинаран,imaginary,воображаемый
машта,imagination,воображение
замислити,imagine,представлять себе
непосредан,immediate,немедленный
одмах,immediately,немедленно
имигрант,immigrant,иммигрант
утицај,impact,влияние
нестрпљив,impatient,нетерпеливый
подразумевати,imply,подразумевать
увоз,import,Импортировать
значај,importance,значение
важно,important,важный
наметнути,impose,навязывать
немогућ,impossible,невозможный
Импресс,impress,впечатление
impresioniran,impressed,впечатленный
утисак,impression,впечатление
импресиван,impressive,впечатляющий
побољшати,improve,улучшать
побољшање,improvement,улучшение
у,in,в
инч,inch,дюйм
случај,incident,инцидент
обухватити,include,включать
укључен,included,Включен
укључујући,including,включая
приход,income,доход
повећати,increase,увеличивать
све,increasingly,все чаще
невероватно,incredible,невероятный
невероватно,incredibly,Невероятно
заиста,indeed,действительно
независан,independent,независимый
указати,indicate,указывать
индиректан,indirect,косвенный
појединац,individual,индивидуальный
унутрашњи,indoor,в помещении
унутра,indoors,в помещении
индустријски,industrial,промышленное
индустрија,industry,промышленность
инфекција,infection,инфекционное заболевание
утицај,influence,влияние
обавестити,inform,поставить в известность
неформалан,informal,неофициальный
информације,information,информация
састојак,ingredient,ингредиент
почетни,initial,исходный
у почетку,initially,изначально
иницијатива,initiative,инициатива
повредити,injure,травмирование
повређених,injured,раненый
повреда,injury,рана
унутрашњи,inner,внутренний
невин,innocent,невиновный
инсект,insect,насекомое
у,inside,внутри
на видику,insight,понимание
инсистирати,insist,настаивать
Инспире,inspire,вдохновлять
инсталирај,install,установить
пример,instance,пример
уместо тога,instead,вместо
Институт,institute,институт
институција,institution,учреждение
упутство,instruction,инструкция
инструктор,instructor,инструктор
оруђе,instrument,инструмент
осигурање,insurance,страхование
интелигенција,intelligence,интеллект
интелигентан,intelligent,разумный
Намеравам,intend,намереваться
намењен,intended,намеревался
интензиван,intense,интенсивный
намера,intention,намерение
камата,interest,интерес
заинтересован,interested,заинтересован
занимљив,interesting,интересный
интерни,internal,внутренний
међународни,international,Международный
Интернет,internet,Интернет
протумачити,interpret,интерпретация
прекидати,interrupt,прерывать
интервју,interview,интервью
у,into,в
увести,introduce,представлять
увод,introduction,введение
изумети,invent,изобретать
изум,invention,изобретение
Инвест,invest,вкладывать деньги
истражити,investigate,расследовать
истрага,investigation,расследование
инвестиција,investment,инвестиции
позив,invitation,приглашение
позвати,invite,приглашать
повлачити за собом,involve,вовлекать
укључени,involved,вовлеченный
гвожђе,iron,железо
острво,island,остров
питање,issue,проблема
ТО,IT,ЭТО
то,it,это
ставка,item,элемент
његово,its,его
себе,itself,сам
јакна,jacket,куртка
џем,jam,варенье
јануар,January,Январь
џез,jazz,джаз
фармерке,jeans,джинсы
накит,jewellery,ювелирные изделия
посао,job,работа
придружити,join,присоединиться
шала,joke,шутить
часопис,journal,журнал
новинар,journalist,журналист
путовање,journey,путешествие
радост,joy,радость
судија,judge,судить
пресуда,judgement,суждение
сок,juice,сок
Јул,July,Июль
скок,jump,Прыгать
јун,June,Июнь
млађи,junior,младший
само,just,только
правда,justice,справедливость
оправдати,justify,оправдывать
оштар,keen,увлеченный
задржати,keep,держать
кључ,key,ключ
тастатура,keyboard,клавиатура
шут,kick,пинать
дете,kid,ребенок
Килл,kill,убийство
убијање,killing,убийство
километар,kilometre,километр
врста (тип),kind(type),вид (тип)
врста (брига),kind(caring),добрый (забота)
краљ,king,король
пољубац,kiss,целовать
кухиња,kitchen,кухня
колено,knee,колено
нож,knife,нож
куцати,knock,поступить
знати,know,знать
знање,knowledge,знание
лабораторија,lab,лаборатория
етикета,label,этикетка
лабораторија,laboratory,лаборатория
рад,labour,труд
недостатак,lack,недостаток
дама,lady,леди
језеро,lake,озеро
лампа,lamp,лампа
земљиште,land,земля
пејзаж,landscape,пейзаж
Језик,language,язык
лап топ,laptop,ноутбук
велики,large,большой
у великој мери,largely,во многом
ласт1 (финал),last1 (final),Last1 (Final)
ласт1 (узимајући време),last1 (taking time),Last1 (время)
касно,late,поздно
касније,later,позже
најновији,latest,последний
смех,laugh,смех
смех,laughter,смех
лансирање,launch,запуск
закон,law,закон
адвокат,lawyer,адвокат
Лаи,lay,класть
слој,layer,слой
лењ,lazy,ленивый
олово,lead,вести
лидер,leader,лидер
руководство,leadership,лидерство
водећи,leading,ведущий
Лист,leaf,лист
лига,league,лига
нагнути,lean,наклонять
научити,learn,учиться
учење,learning,обучение
најмање,least,наименее
кожа,leather,кожа
одсуство,leave,оставлять
предавање,lecture,лекция
лево,left,левый
нога,leg,нога
правни,legal,юридический
Слободно време,leisure,досуг
лимун,lemon,лимон
позајмити,lend,одалживать
дужина,length,длина
мање,less,меньше
лекција,lesson,урок
дозволити,let,позволять
писмо,letter,письмо
ниво,level,уровень
библиотека,library,библиотека
лиценца,licence,лицензия
лаж,lie,ложь
лаж,lie,ложь
живот,life,жизнь
начин живота,lifestyle,Стиль жизни
дизање,lift,поднимать
светло (од сунца / лампа),light (from the sun/a lamp),свет (от солнца/лампа)
лигхт (нот хеави),light (not heavy),Свет (не тяжелый)
лике (слично),like (similar),как (аналогично)
као (Пронађите СБ / СТХ пријатно),like (find sb/sth pleasant),Как (найти SB/STH Pleasant)
Именица,Noun,Существительное
вероватно,likely,вероятный
граница,limit,предел
ограничен,limited,ограниченное
линија,line,линия
линк,link,связь
лав,lion,лев
усна,lip,губа
течност,liquid,жидкость
листа,list,список
слушати,listen,слушать
слушалац,listener,слушатель
литература,literature,литература
мало,little,маленький
ливе1,live1,Live1
ливе2,live2,Live2
живо,lively,оживленный
живот,living,жизнь
оптерећење,load,нагрузка
зајам,loan,заем
lokalni,local,местный
лоцирати,locate,найти
налази се,located,располагается
локација,location,расположение
закључати,lock,замок
логичан,logical,логичный
усамљен,lonely,одинокий
дуг,long,длинный
дугорочни,long-term,долгосрочный
изглед,look,смотреть
изгубити,loose,свободный
господар,lord,господин
камион,lorry,грузовик
изгубити,lose,терять
губитак,loss,потеря
изгубљен,lost,потерянный
много,lot,много
гласно,loud,громкий
гласно,loudly,громко
љубав,love,любовь
диван,lovely,прекрасный
низак,low,низкий
нижи,lower,ниже
срећа,luck,удача
срећан,lucky,удачливый
ручак,lunch,обед
плућно крило,lung,легкое
луксуз,luxury,роскошь
машина,machine,машина
луд,mad,безумный
магазин,magazine,журнал
магија,magic,магия
Пошта,mail,почта
главни,main,основной
углавном,mainly,в основном
успоставити,maintain,поддерживать
главни,major,главный
већина,majority,большинство
направити,make,делать
Мушки,male,мужской
тржни центар,mall,торговый центр
човек,man,мужчина
управљати,manage,управлять
управљање,management,управление
менаџер,manager,менеджер
манир,manner,манера
многи,many,много
Мапа,map,карта
март,March,Маршировать
ознака,mark,отметка
тржиште,market,рынок
Маркетинг,marketing,маркетинг
брак,marriage,свадьба
ожењен,married,женатый
венчати,marry,выйти замуж
маса,mass,масса
масиван,massive,массивный
мајстор,master,владелец
матцх (цонтест / одговара),match (contest/correspond),матч (конкурс/соответствует)
одговарајући,matching,соответствующий
материјал,material,материал
математика,mathematics,математика
математика,maths,математика
материја,matter,иметь значение
максимум,maximum,максимум
Може,May,Может
може модал,may modal,может модально
можда,maybe,может быть
ми,me,мне
оброк,meal,еда
значити,mean,иметь в виду
значење,meaning,значение
средства,means,означает
у међувремену,meanwhile,тем временем
мера,measure,мера
мера,measurement,измерение
месо,meat,мясо
медиј,media,СМИ
медицински,medical,медицинский
лек,medicine,лекарство
средњи,medium,середина
сусрет,meet,встретиться
састанак,meeting,встреча
отопити,melt,таять
члан,member,член
меморија,memory,Память
ментални,mental,психиатрический
помињање,mention,упомянуть
мени,menu,меню
неред,mess,беспорядок
порука,message,сообщение
метал,metal,металл
метод,method,метод
метар,metre,метр
средњи,middle,середина
поноћ,midnight,полночь
možda модал,might modal,Может модально
благ,mild,мягкий
миља,mile,миля
војни,military,военный
млеко,milk,молоко
милиона број,million number,миллион номер
ум,mind,разум
мина (припада мени),mine (belongs to me),моя (принадлежит мне)
Рудник (рупа у земљи),mine (hole in the ground),моя (дыра в земле)
минерал,mineral,минеральная
минимум,minimum,минимум
министар,minister,министр
малолетник,minor,незначительный
мањина,minority,меньшинство
минут,minute,минута
огледало,mirror,зеркало
Госпођица,miss,скучать
нестао,missing,отсутствующий
мисија,mission,миссия
грешка,mistake,ошибка
mix,mix,смешивание
помешан,mixed,смешанный
мешавина,mixture,смесь
мобилни,mobile,мобильный
модел,model,модель
модеран,modern,современный
модификовати,modify,модифицировать
тренутак,moment,мгновенный
Понедељак,Monday,Понедельник
новац,money,деньги
монитор,monitor,монитор
мајмун,monkey,обезьяна
месец дана,month,месяц
расположење,mood,настроение
месец,moon,луна
моралан,moral,моральный
више,more,более
јутро,morning,утро
највише,most,большинство
углавном,mostly,по большей части
мајка,mother,мать
моторни,motor,мотор
мотоцикл,motorcycle,мотоцикл
постоље,mount,устанавливать
планина,mountain,гора
миш,mouse,мышь
уста,mouth,рот
потез,move,двигаться
покрет,movement,движение
филм,movie,фильм
много,much,много
блато,mud,грязь
више,multiple,несколько
вишеструко,multiply,умножить
мама,mum,мама
убиство,murder,убийство
мишић,muscle,мышца
музеј,museum,музей
музика,music,музыка
музички,musical,мюзикл
музичар,musician,музыкант
mora модал,must modal,должен модальный
мој,my,мой
сам,myself,сам
мистериозан,mysterious,загадочный
Мистерија,mystery,тайна
ексер,nail,ноготь
име,name,имя
прича,narrative,повествование
узак,narrow,узкий
народ,nation,нация
државни,national,национальный
рођени,native,родной
природни,natural,естественный
природно,naturally,естественно
природа,nature,природа
близу,near,около
скоро,nearly,около
уредан,neat,аккуратный
обавезно,necessarily,обязательно
неопходан,necessary,необходимый
врат,neck,шея
требати,need,нуждаться
игла,needle,иголка
негативан,negative,отрицательный
комшија,neighbour,сосед
комшилук,neighbourhood,район
ни,neither,ни один
нерв,nerve,нерв
нервозан,nervous,нервный
нето,net,сеть
мрежа,network,сеть
никад,never,никогда
ипак,nevertheless,тем не менее
Нова,new,новый
новости,news,Новости
новине,newspaper,газета
следећи,next,следующий
поред,next to,рядом с
леп,nice,хороший
ноћ,night,ночь
ноћна мора,nightmare,кошмар
девет,nine,девять
деветнаест,nineteen,девятнадцать
деведесет,ninety,девяносто
не,no,нет
нико,no one,никто
нико,nobody,никто
бука,noise,шум
бучан,noisy,шумный
ниједан,none,никто
ни,nor,ни
нормалан,normal,нормальный
нормално,normally,обычно
север,north,север
северни,northern,северный
нос,nose,нос
не,not,нет
Белешка,note,примечание
ништа,nothing,ничего
објава,notice,уведомление
појам,notion,понятие
Роман,novel,роман
новембар,November,Ноябрь
Сада,now,сейчас
нигде,nowhere,нигде
нуклеарна,nuclear,ядерный
број,number,число
бројни,numerous,многочисленные
медицинска сестра,nurse,медсестра
орах,nut,орех
поштовати,obey,подчиняться
објекат,object,объект
објективан,objective,цель
обавеза,obligation,обязательство
посматрање,observation,наблюдение
посматрати,observe,наблюдать
добити,obtain,получать
очигледан,obvious,очевидный
очито,obviously,очевидно
прилика,occasion,повод
повремено,occasionally,изредка
доћи,occur,происходить
океан,ocean,океан
сати,o’clock,О'Клан
октобар,October,Октябрь
непаран,odd,странный
од,of,из
ван,off,выключенный
прекршај,offence,оскорбление
увредити,offend,обидеть
офанзива,offensive,оскорбительный
понуда,offer,предложение
канцеларија,office,офис
официр,officer,офицер
званичник,official,официальный
често,often,часто
ох,oh,ой
уље,oil,масло
ок,OK,ХОРОШО
стар,old,старый
старомодан,old-fashioned,старомодный
на,on,на
једном,once,один раз
једно,one,один
лук,onion,лук
Онлине,online,В сети
само,only,только
ка,onto,на
отворен,open,открыть
отварање,opening,открытие
радити,operate,работать
операција,operation,операция
мишљење,opinion,мнение
противник,opponent,противник
прилика,opportunity,возможность
супротставити,oppose,противостоять
супротна,opposed,против
супротан,opposite,противоположный
опозиција,opposition,оппозиция
опција,option,вариант
или,or,или
поморанџа,orange,апельсин
ред,order,заказ
обичан,ordinary,обычный
орган,organ,орган
организација,organization,организация
организовати,organize,организовать
организован,organized,организованный
организатор,organizer,организатор
порекло,origin,источник
оригиналан,original,оригинал
оригинално,originally,первоначально
други,other,другой
иначе,otherwise,в противном случае
trebalo,ought,должен
наш,our,наш
наш,ours,наш
сами,ourselves,сами
напоље,out,вне
исход,outcome,исход
на отвореном,outdoor,на открытом воздухе
напољу,outdoors,на открытом воздухе
спољашњи,outer,внешний
контура,outline,контур
напољу,outside,снаружи
пећ,oven,печь
преко,over,над
уопште,overall,общий
дуговати,owe,быть должным
властити,own,собственный
власник,owner,владелец
темпо,pace,шаг
паковање,pack,пакет
пакет,package,упаковка
страна,page,страница
бол,pain,боль
болан,painful,болезненно
боја,paint,краска
сликар,painter,художник
слика,painting,рисование
пар,pair,пара
палата,palace,дворец
Блед,pale,бледный
тигањ,pan,кастрюля
табла,panel,панель
панталоне,pants,брюки
папир,paper,бумага
став,paragraph,параграф
родитељ,parent,родительский
парк,park,парк
паркирање,parking,стоянка
парламент,parliament,Парламент
део,part,часть
учесник,participant,Участник
учествовати,participate,участвовать
посебан,particular,особый
нарочито,particularly,особенно
делимично,partly,частично
ортак,partner,Партнер
журка,party,вечеринка
проћи,pass,проходить
пролаз,passage,проход
путник,passenger,пассажир
страст,passion,страсть
пасош,passport,заграничный пасспорт
прошлост,past,прошлое
путања,path,путь
пацијент,patient,пациент
шаблон,pattern,шаблон
плата,pay,платить
плаћање,payment,оплата
мир,peace,мир
миран,peaceful,мирный
хемијска оловка,pen,ручка
оловка,pencil,карандаш
пени,penny,пенни
пензија,pension,пенсия
људи,people,люди
бибер,pepper,перец
по,per,перемещение
проценат,per cent,процент
проценат,percentage,процент
савршено,perfect,идеальный
савршено,perfectly,в совершенстве
извршити,perform,выполнять
перформансе,performance,производительность
можда,perhaps,возможно
раздобље,period,период
стални,permanent,постоянный
дозвола,permission,разрешение
дозвола,permit,разрешать
лице,person,человек
лични,personal,личный
личност,personality,личность
лично,personally,лично
перспектива,perspective,перспектива
убедити,persuade,убеждать
Кућни љубимац,pet,домашний питомец
бензин,petrol,бензин
фаза,phase,фаза
феномен,phenomenon,явление
философија,philosophy,Философия
телефон,phone,телефон
слика,photo,Фото
fotografija,photograph,фотография
фотограф,photographer,фотограф
фотографија,photography,Фотография
фраза,phrase,фраза
физички,physical,физический
стање,physics,физика
клавир,piano,пианино
одабрати,pick,выбирать
слика,picture,картина
комад,piece,кусок
свиња,pig,свинья
гомила,pile,куча
пилот,pilot,пилот
игла,pin,приколоть
розе,pink,розовый
цев,pipe,трубка
висина тона,pitch,подача
место,place,место
обичан,plain,простой
план,plan,план
авион,plane,самолет
Планета,planet,планета
планирање,planning,планирование
биљка,plant,растение
пластика,plastic,пластик
тањир,plate,тарелка
платформа,platform,Платформа
игра,play,играть
играч,player,игрок
пријатан,pleasant,приятный
Молимо вас,please,пожалуйста
задовољан,pleased,довольный
задовољство,pleasure,удовольствие
много,plenty,множество
земљиште,plot,сюжет
више,plus,плюс
џеп,pocket,карман
песма,poem,стих
песник,poet,поэт
поезија,poetry,поэзия
тачка,point,точка
заједљив,pointed,заостренный
отров,poison,яд
отрован,poisonous,ядовитый
полиција,police,полиция
полицајац,policeman,полицейский
политика,policy,политика
учтив,polite,вежливый
политички,political,политический
политичар,politician,политик
политика,politics,политика
загађење,pollution,загрязнение
базен,pool,бассейн
сиромашан,poor,бедный
поп,pop,поп
популаран,popular,популярный
популарност,popularity,популярность
Популација,population,Население
Лука,port,порт
портрет,portrait,портрет
поза,pose,поза
положај,position,позиция
позитиван,positive,положительный
поседовати,possess,владеть
поседовање,possession,владение
могућност,possibility,возможность
могућ,possible,возможный
могуће,possibly,возможно
пошта,post,почта
плакат,poster,плакат
лонац,pot,горшок
кромпир,potato,картофель
потенцијал,potential,потенциал
фунта,pound,фунт
сипати,pour,залить
сиромаштво,poverty,бедность
прах,powder,пудра
снага,power,власть
моћна,powerful,мощный
практичан,practical,практичный
пракса,practice,упражняться
пракса,practise,упражняться
похвала,praise,хвалить
молите се,pray,молиться
молитва,prayer,молитва
предвидети,predict,предсказывать
предвиђање,prediction,прогноз
више волети,prefer,предпочитать
трудна,pregnant,беременная
припрема,preparation,подготовка
припремити,prepare,подготовить
припремљен,prepared,готовый
присуство,presence,присутствие
поклон,present,подарок
презентација,presentation,презентация
сачувати,preserve,сохранять
председник,president,президент
преса,press,нажимать
притисак,pressure,давление
претварати се,pretend,притворяться
прилично,pretty,симпатичный
Превент,prevent,предотвращать
Претходна,previous,предыдущий
раније,previously,ранее
Цена,price,цена
свештеник,priest,священник
Примарна,primary,начальный
главни,prime,основной
принц,prince,принц
принцеза,princess,принцесса
принцип,principle,принцип
принт,print,Распечатать
штампач,printer,принтер
штампање,printing,печать
приоритет,priority,приоритет
затвор,prison,тюрьма
затвореник,prisoner,в плену
приватност,privacy,конфиденциальность
приватно,private,частный
награда,prize,приз
вероватно,probably,вероятно
проблем,problem,проблема
процедура,procedure,процедура
процес,process,процесс
производи,produce,производить
продуцент,producer,режиссер
производ,product,продукт
производња,production,производство
професија,profession,профессия
професионалац,professional,профессионал
професор,professor,профессор
профил,profile,профиль
добит,profit,выгода
програм,program,программа
програм,programme,программа
напредак,progress,прогресс
пројекат,project,проект
обећање,promise,обещать
унапредити,promote,продвигать
изговарају,pronounce,произносить
доказ,proof,доказательство
прави,proper,правильный
прописно,properly,правильно
својство,property,свойство
предлог,proposal,предложение
предложити,propose,предложить
изглед,prospect,перспектива
заштитити,protect,защищать
заштита,protection,защита
Протест,protest,акция протеста
поносан,proud,гордый
доказати,prove,доказывать
обезбедити,provide,предоставлять
психолог,psychologist,психолог
психологија,psychology,психология
паб,pub,паб
јавност,public,публичный
публикација,publication,публикация
објавити,publish,публиковать
повући,pull,тянуть
казнити,punish,наказывать
казна,punishment,наказание
ученик,pupil,ученик
куповина,purchase,покупка
чист,pure,чистый
љубичаста,purple,фиолетовый
сврха,purpose,цель
гонити,pursue,преследовать
гурање,push,толкать
ставити,put,помещать
квалификација,qualification,квалификация
квалификован,qualified,квалифицированный
квалификовати,qualify,квалифицировать
квалитет,quality,качество
количина,quantity,количество
четвртина,quarter,четверть
краљица,queen,королева
питање,question,вопрос
ред,queue,очередь
брз,quick,быстрый
брзо,quickly,быстро
миран,quiet,тихий
тихо,quietly,тихо
одустати,quit,покидать
прилично,quite,довольно
цитат,quotation,цитата
цитат,quote,цитировать
трка (такмичење),race (competition),Гонка (соревнование)
трка (људи),race (people),Раса (люди)
трке,racing,гонки
радио,radio,радио
железница,railway,Железнодорожный
киша,rain,дождь
подићи,raise,поднимать
домет,range,диапазон
чин,rank,классифицировать
брз,rapid,стремительный
брзо,rapidly,быстро
редак,rare,редкий
ретко,rarely,редко
стопа,rate,ставка
радије,rather,скорее
сиров,raw,сырой
домет,reach,достигать
реаговати,react,реагировать
реакција,reaction,реакция
читати,read,читать
читач,reader,читатель
читање,reading,чтение
спреман,ready,готовый
прави,real,настоящий
реалистичан,realistic,реалистично
реалност,reality,реальность
схватити,realize,понимать
стварно,really,Действительно
разлог,reason,причина
разуман,reasonable,разумный
поврат,recall,отзывать
признаница,receipt,квитанция
примити,receive,получать
скорашњи,recent,недавний
недавно,recently,недавно
пријем,reception,прием
рецепт,recipe,рецепт
препознати,recognize,распознавать
препоручити,recommend,рекомендовать
препорука,recommendation,рекомендация
запис,record,записывать
снимање,recording,запись
опоравити се,recover,восстанавливаться
за рециклажу,recycle,перерабатывать
црвен,red,красный
смањити,reduce,уменьшать
смањење,reduction,снижение
односити се,refer,ссылаться
упућивање,reference,ссылка
одразити,reflect,отражать
одбити,refuse,мусор
обзир,regard,внимание
регија,region,область
regionalni,regional,региональный
регистровати,register,регистр
жаљење,regret,сожалеть
редовно,regular,обычный
регуларно,regularly,регулярно
регулација,regulation,регулирование
одбити,reject,отклонять
односе,relate,иметь отношение к
повезан,related,связанный
однос,relation,связь
однос,relationship,отношение
релативан,relative,родственник
релативно,relatively,относительно
опусти се,relax,расслабляться
опуштена,relaxed,расслаблен
релакинг,relaxing,расслабляющий
издање,release,выпускать
релевантан,relevant,соответствующий
поуздан,reliable,надежный
рељеф,relief,облегчение
религија,religion,религия
верски,religious,религиозный
ослонити,rely,полагаться
остати,remain,оставаться
примедба,remark,примечание
запамтити,remember,помнить
подсетити,remind,напоминать
даљински,remote,удаленный
Уклонити,remove,удалять
кирија,rent,арендовать
поправка,repair,ремонт
понављање,repeat,повторить
поновљен,repeated,повторяется
заменити,replace,заменять
Одговорити,reply,отвечать
извештај,report,отчет
репортер,reporter,репортер
заступати,represent,представлять
представник,representative,представитель
углед,reputation,репутация
захтев,request,запрос
захтевати,require,требовать
услов,requirement,требование
спашавање,rescue,спасать
истраживање,research,исследовать
истраживач,researcher,Исследователь
резервација,reservation,бронирование
резерва,reserve,бронировать
резидент,resident,житель
одолети,resist,сопротивляться
одлучност,resolve,решать
ресорт,resort,прибегнуть
ресурс,resource,ресурс
поштовати,respect,уважать
реагује,respond,отвечать
одговор,response,ответ
одговорност,responsibility,ответственность
одговоран,responsible,ответственный
рест (преостали део),rest (remaining part),отдых (оставшаяся часть)
Остатак (сан / релак),rest (sleep/relax),отдых (спать/расслабься)
Ресторан,restaurant,ресторан
довести,result,результат
задржати,retain,удерживать
пензионисати,retire,уходить в отставку
пензионисан,retired,ушедший на пенсию
повратак,return,возвращаться
открити,reveal,раскрывать
преглед,review,обзор
поново испитати,revise,исправлять
револуција,revolution,революция
награда,reward,награда
ритам,rhythm,ритм
пиринач,rice,рис
богат,rich,богатый
ослободити,rid,избавлять
вожња,ride,поездка
јел тако,right,верно
ринг,ring,кольцо
ринг,ring,кольцо
расти,rise,рост
ризик,risk,риск
река,river,река
пут,road,дорога
роботски,robot,робот
рок (камен),rock (stone),Рок (камень)
рок музика),rock (music),рок музыка)
улога,role,роль
ролна,roll,рулон
романтичан,romantic,романтик
кров,roof,крыша
соба,room,комната
корен,root,корень
конопац,rope,веревка
груб,rough,грубый
круг,round,круглый
рута,route,маршрут
рутина,routine,рутина
ред,row,ряд
краљевски,royal,Королевский
р,rub,натирать
гума,rubber,резина
глупости,rubbish,мусор
непристојан,rude,грубый
рагби,rugby,регби
правило,rule,правило
трцати,run,бегать
тркач,runner,бегун
руннинг,running,бег
сеоски,rural,деревенский
навала,rush,торопиться
тужан,sad,грустный
нажалост,sadly,грустно
безбедан,safe,безопасный
безбедност,safety,безопасность
једро,sail,плыть
једрење,sailing,парусный спорт
морнар,sailor,моряк
салата,salad,салат
плата,salary,зарплата
продаја,sale,распродажа
со,salt,соль
исти,same,такой же
узорак,sample,образец
песак,sand,песок
сендвич,sandwich,сэндвич
сателит,satellite,спутник
задовољан,satisfied,удовлетворен
задовољити,satisfy,удовлетворять
субота,Saturday,Суббота
сос,sauce,соус
сачувати,save,сохранять
уштеда,saving,сохранение
рецимо,say,сказать
Скала,scale,шкала
скенирати,scan,сканирование
сцаред,scared,испуганный
страховит,scary,страшный
сцена,scene,сцена
распоред,schedule,расписание
шема,scheme,схема
школа,school,школа
Наука,science,наука
научни,scientific,научный
научник,scientist,ученый
скор,score,счет
вриштати,scream,крик
екран,screen,экран
скрипта,script,сценарий
скулптура,sculpture,скульптура
море,sea,море
Претрага,search,поиск
годишње доба,season,время года
седиште,seat,сиденье
сецонд1 (одмах након првог),second1 (next after the first),Второй1 (следующий после первого)
сецонд1 (јединица времена),second1 (unit of time),Второй1 (единица времени)
сецондари,secondary,второстепенный
друго,secondly,во-вторых
тајна,secret,секрет
секретар,secretary,секретарь
одељак,section,раздел
сектор,sector,сектор
осигурати,secure,безопасный
безбедност,security,безопасность
видети,see,видеть
семе,seed,семя
тражити,seek,искать
изгледати,seem,казаться
одабрати,select,выбирать
избор,selection,выбор
сам,self,себя
продам,sell,продавать
пошаљи,send,отправлять
виши,senior,старшая
смисао,sense,смысл
разуман,sensible,разумный
осетљив,sensitive,чувствительный
реченица,sentence,предложение
засебан,separate,отдельный
септембар,September,Сентябрь
низ,sequence,последовательность
серија,series,ряд
озбиљан,serious,серьезный
озбиљно,seriously,серьезно
слуга,servant,слуга
служити,serve,служить
сервис,service,услуга
седница,session,сессия
Сет (Пут),set (put),SET (PUT)
сет (гроуп),set (group),set (группа)
подешавање,setting,параметр
Сеттле,settle,решить
седам,seven,Семь
седамнаесторо,seventeen,семнадцать
седамдесет,seventy,семьдесят
више,several,несколько
озбиљан,severe,серьезный
секс,sex,секс
полни,sexual,сексуальный
Сена,shade,оттенок
сенка,shadow,тень
мућкати,shake,встряхнуть
ћу,shall,должен
плитак,shallow,мелкий
срамота,shame,стыд
облик,shape,форма
Објави,share,делиться
оштар,sharp,острый
она,she,она
овца,sheep,овца
лист,sheet,лист
полица,shelf,полка
шкољка,shell,оболочка
склониште,shelter,приют
смена,shift,сдвиг
сјај,shine,светить
сјајан,shiny,блестящий
брод,ship,корабль
кошуља,shirt,рубашка
шок,shock,шок
шокиран,shocked,в шоке
ципела,shoe,обувь
Пуцај,shoot,стрелять
пуцање,shooting,стрельба
продавница,shop,магазин
шопинг,shopping,Покупка
кратак,short,короткий
пуцањ,shot,выстрелил
требало би,should,должен
раме,shoulder,плечо
узвик,shout,кричать
Прикажи,show,показывать
туш,shower,душ
затворена,shut,закрыть
стидљив,shy,застенчивый
болестан,sick,больной
страна,side,сторона
призор,sight,взгляд
знак,sign,знак
знак,signal,сигнал
значајан,significant,значительный
значајно,significantly,существенно
тишина,silence,тишина
нем,silent,тихий
свила,silk,шелк
глуп,silly,глупый
сребро,silver,серебро
сличан,similar,похожий
сличност,similarity,сходство
слично,similarly,сходным образом
једноставан,simple,простой
просто,simply,просто
Од,since,с
искрен,sincere,искренний
Синг,sing,петь
певач,singer,певец
певање,singing,пение
једно,single,одинокий
лавабо,sink,раковина
господине,sir,сэр
сестра,sister,сестра
СИТ,sit,сидеть
сајт,site,сайт
ситуација,situation,ситуация
шест,six,шесть
шеснаест,sixteen,шестнадцать
шездесет,sixty,шестьдесят
величина,size,размер
скија,ski,лыж
скијање,skiing,горнолыжный спорт
вештина,skill,навык
кожа,skin,кожа
сукња,skirt,юбка
небо,sky,небо
Роб,slave,раб
сан,sleep,спать
кришка,slice,кусочек
Тобоган,slide,горка
мала,slight,легкий
мало,slightly,немного
клизање,slip,соскальзывать
нагиб,slope,склон
спор,slow,медленный
полако,slowly,медленно
мали,small,маленький
оштроуман,smart,умный
смартфон,smartphone,смартфон
мирис,smell,запах
осмех,smile,улыбка
дим,smoke,дымка
пушење,smoking,курить
смоотх,smooth,гладкий
змија,snake,змея
снег,snow,снег
тако,so,так
сапун,soap,мыло
фудбал,soccer,футбольный
друштвени,social,Социальное
друштво,society,общество
чарапа,sock,носок
мек,soft,мягкий
софтвер,software,программное обеспечение
тло,soil,земля
соларни,solar,солнечный
војник,soldier,солдат
чврст,solid,твердый
решење,solution,решение
решити,solve,решать
неки,some,некоторый
неко,somebody,кто-нибудь
неко,someone,кто-то
нешто,something,что-нибудь
понекад,sometimes,иногда
нешто,somewhat,в некотором роде
негде,somewhere,где-то
син,son,сын
песма,song,песня
ускоро,soon,скоро
извињавам се,sorry,извини
врста,sort,Сортировать
душа,soul,душа
звук,sound,звук
супа,soup,суп
извор,source,источник
југ,south,юг
јужни,southern,южный
простор,space,космос
говорити,speak,говорить
звучник,speaker,оратор
посебан,special,особенный
специјалиста,specialist,специалист
врста,species,разновидность
специфичан,specific,специфический
посебно,specifically,конкретно
говор,speech,речь
брзина,speed,скорость
чаролија,spell,заклинание
правопис,spelling,написание
провести,spend,тратить
трошење,spending,расходы
пикантан,spicy,острый
паук,spider,паук
дух,spirit,дух
духовни,spiritual,духовный
разделити,split,расколоть
спокен,spoken,разговорный
спонзор,sponsor,спонсор
кашика,spoon,ложка
спорт,sport,спорт
место,spot,место
ширење,spread,распространение
пролеће,spring,весна
квадрат,square,квадрат
стабилан,stable,стабильный
стадион,stadium,стадион
особље,staff,персонал
фаза,stage,этап
степеник,stair,лестница
печат,stamp,печать
стајати,stand,стоять
стандардни,standard,стандартный
Звезда,star,звезда
буљити,stare,глазеть
почетак,start,начинать
стање,state,состояние
изјава,statement,заявление
станица,station,станция
статистички,statistic,статистика
статуа,statue,статуя
статус,status,положение дел
боравак,stay,оставаться
стабилан,steady,устойчивый
украсти,steal,воровать
челик,steel,сталь
стрм,steep,отвесный
Корак,step,шаг
штап (Пусх у / аттацх),stick (push into/attach),придерживаться (нажмите/прикрепите)
штап (комад дрвета),stick (piece of wood),палка (кусок дерева)
лепљив,sticky,липкий
крут,stiff,жесткий
још увек,still,все еще
акција,stock,запас
стомак,stomach,желудок
камен,stone,камень
зауставити,stop,останавливаться
продавница,store,магазин
олуја,storm,буря
прича,story,история
право,straight,прямой
чудан,strange,странный
странац,stranger,незнакомец
стратегија,strategy,стратегия
поток,stream,транслировать
улица,street,улица
снага,strength,сила
стрес,stress,стресс
растезање,stretch,потягиваться
строг,strict,строгий
ударац,strike,ударять
низ,string,нить
јак,strong,сильный
снажно,strongly,сильно
структура,structure,состав
борба,struggle,борьба
ученик,student,студент
атеље,studio,студия
студија,study,изучать
ствари,stuff,вещи
глуп,stupid,глупый
стил,style,стиль
предмет,subject,предмет
прихвати,submit,представлять на рассмотрение
супстанца,substance,вещество
успети,succeed,преуспевать
успех,success,успех
успешан,successful,успешный
успешно,successfully,успешно
тако,such,такой
изненадан,sudden,внезапный
изненада,suddenly,внезапно
патити,suffer,страдать
шећер,sugar,сахар
сугерисати,suggest,предлагать
предлог,suggestion,предположение
одело,suit,подходить
погодан,suitable,подходящий
збир,sum,сумма
резимирати,summarize,подведем итог
резиме,summary,краткое содержание
лето,summer,лето
сунце,sun,солнце
недеља,Sunday,Воскресенье
супер маркет,supermarket,супермаркет
снабдевање,supply,поставлять
подршка,support,поддерживать
присталица,supporter,сторонник
претпоставити,suppose,предполагать
сигуран,sure,конечно
сигурно,surely,конечно
површина,surface,поверхность
хирургија,surgery,операция
изненађење,surprise,Сюрприз
изненадио,surprised,удивлен
изненађује,surprising,удивительный
окрузити,surround,окружение
који окружује,surrounding,окружение
преглед,survey,опрос
преживети,survive,выживать
сумњив,suspect,подозревать
заклети се,swear,ругаться
џемпер,sweater,свитер
замах,sweep,мести
сладак,sweet,сладкий
пливати,swim,плавать
пливање,swimming,плавание
прекидач,switch,выключатель
симбол,symbol,символ
симпатија,sympathy,сочувствие
симптом,symptom,симптом
систем,system,система
сто,table,стол
таблета,tablet,планшет
Реп,tail,хвост
узети,take,брать
прича,tale,сказка
таленат,talent,талант
талентован,talented,талантливый
разговор,talk,разговаривать
висок,tall,высокий
резервоар,tank,бак
трака,tape,лента
мета,target,цель
задатак,task,задача
укус,taste,вкус
порез,tax,налоговый
такси,taxi,такси
чај,tea,чай
Предајем,teach,учат
учитељ,teacher,учитель
Учити,teaching,преподавание
тим,team,команда
теар1,tear1,слеза 1
теар2,tear2,слеза2
технички,technical,технический
техника,technique,техника
технологија,technology,технологии
тинејџерски,teenage,подростка
тинејџер,teenager,подростка
телефон,telephone,телефон
телевизија,television,телевидение
рећи,tell,рассказывать
температура,temperature,температура
привремен,temporary,временный
десет,ten,десять
склони,tend,иметь тенденцию
Тенис,tennis,большой теннис
шатор,tent,палатка
термин,term,срок
страшан,terrible,ужасный
тест,test,тест
текст,text,текст
него,than,чем
захвалити,thank,благодарить
Хвала,thanks,Спасибо
то,that,что
,the,а
театар,theatre,театр
њихов,their,их
њихов,theirs,их
њих,them,их
тема,theme,тема
себе,themselves,сами себя
онда,then,затем
теорија,theory,теория
терапија,therapy,терапия
тамо,there,там
стога,therefore,поэтому
они,they,они
дебео,thick,толстый
лопов,thief,вор
танак,thin,тонкий
ствар,thing,вещь
мислити,think,думать
размишљање,thinking,мышление
трећи,third,третий
жедан,thirsty,испытывающий жажду
тринаест,thirteen,тринадцать
тридесет,thirty,тридцать
ово,this,этот
иако,though,хотя
мисао,thought,мысль
хиљада,thousand,тысяча
претња,threat,угроза
претити,threaten,угрожать
три,three,три
грло,throat,горло
кроз,through,через
током,throughout,через
бацити,throw,бросать
четвртак,Thursday,Четверг
тако,thus,таким образом
Улазница,ticket,билет
уредан,tidy,аккуратный
кравата,tie,галстук
тесан,tight,тугой
до,till,до
време,time,время
калај,tin,банка
сићушан,tiny,крошечный
Савет,tip,кончик
уморан,tired,усталый
наслов,title,заголовок
до,to,к
данас,today,сегодня
ножни прст,toe,палец на ноге
заједно,together,вместе
тоалет,toilet,туалет
парадајз,tomato,помидор
сутра,tomorrow,завтра
тон,tone,тон
језик,tongue,язык
вечерас,tonight,сегодня вечером
такође,too,слишком
оруђе,tool,инструмент
зуб,tooth,зуб
врх,top,вершина
тема,topic,тема
укупан,total,общий
тотално,totally,Полностью
додир,touch,трогать
жилав,tough,жесткий
турнеја,tour,тур
туризам,tourism,туризм
туристички,tourist,турист
за,towards,к
пешкир,towel,полотенце
кула,tower,башня
Град,town,город
играчка,toy,игрушка
трацк,track,отслеживать
трговина,trade,торговля
традиција,tradition,традиция
традиционалан,traditional,традиционный
саобраћај,traffic,трафик
воз,train,тренироваться
тренер,trainer,тренер
обука,training,обучение
пренос,transfer,передача
трансформисати,transform,преобразование
прелаз,transition,переход
превести,translate,переводить
превод,translation,перевод
превоз,transport,транспорт
путовање,travel,путешествовать
путник,traveller,путешественник
лечити,treat,обращаться
лечење,treatment,уход
дрво,tree,дерево
кретање,trend,тренд
суђење,trial,пробный
трик,trick,обманывать
путовање,trip,путешествие
тропски,tropical,тропический
проблем,trouble,беда
панталоне,trousers,брюки
камион,truck,грузовик
ИСТИНИТО,TRUE,истинный
заиста,truly,действительно
поверење,trust,доверять
истина,truth,правда
покушати,try,пытаться
Мајица,T-shirt,Футболка
цев,tube,трубка
уторак,Tuesday,Вторник
мелодија,tune,мелодия
тунел,tunnel,туннель
ред,turn,повернуть
ТВ,TV,ТВ
дванаест,twelve,двенадцать
двадесет,twenty,двадцать
два пута,twice,дважды
близанац,twin,близнец
два,two,два
тип,type,тип
типичан,typical,типичный
типично,typically,обычно
гума,tyre,шина
ружан,ugly,уродливый
коначно,ultimately,в конечном счете
кишобран,umbrella,зонтик
неспособан,unable,не могущий
стриц,uncle,дядя
неудобан,uncomfortable,неудобный
несвестан,unconscious,бессознательный
под,under,под
под земљом,underground,метро
разумети,understand,понимать
разумевање,understanding,понимание
Доњи веш,underwear,нижнее белье
незапослен,unemployed,безработные
незапосленост,unemployment,безработица
неочекиван,unexpected,непредвиденный
неправедан,unfair,несправедливый
нажалост,unfortunately,к сожалению
несрећан,unhappy,несчастный
униформа,uniform,униформа
унија,union,союз
јединствен,unique,уникальный
јединица,unit,единица
јединствен,united,объединенная
свемир,universe,вселенная
универзитет,university,Университет
непознат,unknown,неизвестный
ако не,unless,пока не
за разлику од,unlike,В отличие от
невероватно,unlikely,вряд ли
непотребан,unnecessary,ненужный
непријатан,unpleasant,неприятный
све док,until,до
неуобичајен,unusual,необычный
горе,up,вверх
ажурирање,update,обновлять
на,upon,на
горњи,upper,верхний
узнемирен,upset,расстройство
горе,upstairs,вверх по лестнице
нагоре,upwards,вверх
урбани,urban,городской
нагон,urge,побуждать
нас,us,нас
употреба,use,использовать
користи,used,использовал
користи за,used to,привыкший
користан,useful,полезный
корисник,user,пользователь
уобичајен,usual,обычный
обично,usually,обычно
одмор,vacation,отпуск
долина,valley,долина
вредан,valuable,ценный
вредност,value,ценить
комби,van,фургон
разноврсност,variety,разнообразие
разноврстан,various,различный
варирати,vary,отличаться
огроман,vast,огромный
поврће,vegetable,овощ
возило,vehicle,транспортное средство
место,venue,место проведения
верзија,version,версия
врло,very,очень
преко,via,с помощью
жртва,victim,жертва
победа,victory,Победа
видео,video,видео
поглед,view,вид
посматрач,viewer,зритель
село,village,деревня
насиље,violence,насилие
насилан,violent,жестокий
виртуелни,virtual,виртуальный
вирус,virus,вирус
визија,vision,зрение
посета,visit,посещать
посетилац,visitor,посетитель
визуелан,visual,визуальный
виталан,vital,жизненно важный
витамин,vitamin,витамин
глас,voice,голос
обим,volume,объем
волонтер,volunteer,волонтер
глас,vote,голосование
плата,wage,заработная плата
чекати,wait,ждать
конобар,waiter,официант
буђење,wake,будить
ходати,walk,ходить
зид,wall,стена
желети,want,хотеть
рат,war,война
топао,warm,теплый
упозорити,warn,предупреждать
упозорење,warning,предупреждение
прање,wash,стирать
прање,washing,мойка
губљење,waste,напрасно тратить
гледати,watch,смотреть
вода,water,вода
талас,wave,волна
начин,way,способ
ми,we,мы
слаб,weak,слабый
слабост,weakness,слабость
богатство,wealth,богатство
богат,wealthy,богатый
оружје,weapon,оружие
носити,wear,носить
време,weather,погода
Веб,web,веб -
веб сајт,website,Веб-сайт
венчање,wedding,свадьба
Среда,Wednesday,Среда
Недеља,week,неделя
викенд,weekend,выходные
одмерити,weigh,взвешивать
тежина,weight,масса
Добродошли,welcome,добро пожаловать
добро,well,хорошо
западно,west,западный
западни,western,западный
мокар,wet,влажный
Шта,what,что
шта год,whatever,что бы ни
точак,wheel,колесо
када,when,когда
било када,whenever,в любое время
где,where,где
а,whereas,тогда как
где год,wherever,где бы
да ли је,whether,ли
која,which,который
док,while,пока
шапат,whisper,шепот
бео,white,белый
ко,who,ВОЗ
цео,whole,весь
којег,whom,кому
чији,whose,чей
зашто,why,почему
широк,wide,широкий
широко,widely,широко
жена,wife,жена
дивљи,wild,дикий
дивље животиње,wildlife,дикая природа
воља,will,воля
вољан,willing,готовый
победити,win,победить
винд1,wind1,ветер1
винд2,wind2,ветер2
прозор,window,окно
вино,wine,вино
крило,wing,крыло
победник,winner,Победитель
зима,winter,зима
жица,wire,проволока
мудар,wise,мудрый
желети,wish,желание
са,with,с
у склопу,within,в пределах
без,without,без
сведок,witness,свидетель
жена,woman,женщина
чудо,wonder,удивляться
предивна,wonderful,замечательный
дрва,wood,древесина
дрвен,wooden,деревянный
вуна,wool,шерсть
реч,word,слово
рад,work,работа
радник,worker,работник
рад,working,работающий
свет,world,мир
светски,worldwide,Мировой
забринути,worried,волновался
забринути,worry,волноваться
горе,worse,худший
најгори,worst,худший
вредност,worth,ценность
Воулд,would,бы
рана,wound,ранить
вау,wow,ух ты
Врап,wrap,сворачивать
Пишите,write,писать
писац,writer,писатель
писање,writing,письмо
написан,written,написано
погрешно,wrong,неправильный
двориште,yard,площадка
да,yeah,ага
година,year,год
жут,yellow,желтый
да,yes,да
јуче,yesterday,вчера
још,yet,еще
ти,you,ты
млади,young,молодой
твој,your,твой
твој,yours,Ваш
сами,yourself,сам
омладина,youth,молодость
нула,zero,нуль
зона,zone,зона